ts_utc;kind;side;price_hint;range_id;message_id;confidence
2025-10-08T07:36:45Z;range_open;SELL;4037.0;2025-10-08-1;12296;0.95
2025-10-08T07:53:59Z;range_close;;;2025-10-08-1;12306;
2025-10-08T08:39:30Z;range_open;SELL;4038.0;2025-10-08-2;12308;0.95
2025-10-08T09:00:54Z;range_close;;;2025-10-08-2;12318;
2025-10-08T09:38:56Z;range_open;SELL;4038.0;2025-10-08-3;12321;0.95
2025-10-08T10:27:19Z;range_close;;;2025-10-08-3;12323;
2025-10-08T10:44:47Z;range_open;BUY;4036.0;2025-10-08-4;12326;0.95
2025-10-08T11:22:22Z;range_close;;;2025-10-08-4;12333;
2025-10-08T11:36:41Z;range_open;BUY;4032.0;2025-10-08-5;12335;0.95
2025-10-08T11:39:57Z;range_close;;;2025-10-08-5;12339;
2025-10-08T12:10:42Z;range_open;SELL;4045.0;2025-10-08-6;12341;0.95
2025-10-08T12:16:05Z;range_close;;;2025-10-08-6;12349;
2025-10-08T12:17:46Z;range_open;SELL;4045.0;2025-10-08-7;12351;0.95
2025-10-08T12:21:11Z;range_close;;;2025-10-08-7;12357;
2025-10-09T07:49:20Z;range_open;BUY;4031.0;2025-10-09-1;12367;0.95
2025-10-09T08:14:59Z;range_close;;;2025-10-09-1;12378;
2025-10-09T08:51:32Z;range_open;SELL;4040.0;2025-10-09-2;12381;0.95
2025-10-09T09:11:37Z;range_close;;;2025-10-09-2;12391;
2025-10-09T09:44:15Z;range_open;BUY;4036.0;2025-10-09-3;12394;0.95
2025-10-09T10:01:56Z;range_close;;;2025-10-09-3;12403;
2025-10-09T11:17:35Z;range_open;BUY;4034.0;2025-10-09-4;12409;0.95
2025-10-09T11:30:17Z;range_close;;;2025-10-09-4;12415;
2025-10-09T11:44:43Z;range_open;SELL;4044.0;2025-10-09-5;12417;0.95
2025-10-09T12:01:36Z;range_close;;;2025-10-09-5;12422;
2025-10-09T13:00:47Z;range_open;SELL;4054.0;2025-10-09-6;12426;0.95
2025-10-09T13:09:55Z;range_close;;;2025-10-09-6;12433;
2025-10-09T13:10:39Z;range_open;SELL;4056.0;2025-10-09-7;12435;0.95
2025-10-09T13:15:36Z;range_close;;;2025-10-09-7;12441;
2025-10-13T07:12:27Z;range_open;SELL;4070.0;2025-10-13-1;12468;0.95
2025-10-13T07:32:05Z;range_close;;;2025-10-13-1;12476;
2025-10-13T07:45:03Z;range_open;SELL;4075.0;2025-10-13-2;12478;0.95
2025-10-13T07:57:53Z;range_close;;;2025-10-13-2;12487;
2025-10-13T08:53:06Z;range_open;SELL;4078.0;2025-10-13-3;12489;0.95
2025-10-13T09:26:55Z;range_close;;;2025-10-13-3;12497;
2025-10-13T09:55:18Z;range_open;SELL;4079.0;2025-10-13-4;12499;0.95
2025-10-13T10:07:04Z;range_close;;;2025-10-13-4;12508;
2025-10-13T10:51:09Z;range_open;SELL;4082.0;2025-10-13-5;12510;0.95
2025-10-13T11:02:35Z;range_close;;;2025-10-13-5;12517;
2025-10-13T11:15:46Z;range_open;SELL;4083.0;2025-10-13-6;12519;0.95
2025-10-13T11:31:40Z;range_close;;;2025-10-13-6;12525;
2025-10-13T12:25:55Z;range_open;SELL;4082.0;2025-10-13-7;12527;0.95
2025-10-13T12:38:22Z;range_close;;;2025-10-13-7;12535;
2025-10-13T13:30:27Z;range_open;SELL;4090.0;2025-10-13-8;12537;0.95
2025-10-13T15:08:33Z;range_close;;;2025-10-13-8;12548;
2025-10-14T07:03:16Z;range_open;BUY;4107.0;2025-10-14-1;12555;0.95
2025-10-14T07:13:27Z;range_close;;;2025-10-14-1;12566;
2025-10-14T07:47:28Z;range_open;BUY;4121.0;2025-10-14-2;12569;0.95
2025-10-14T07:53:59Z;range_close;;;2025-10-14-2;12581;
2025-10-14T08:13:48Z;range_open;SELL;4140.0;2025-10-14-3;12583;0.95
2025-10-14T08:34:43Z;range_close;;;2025-10-14-3;12589;
2025-10-14T09:13:20Z;range_open;SELL;4141.0;2025-10-14-4;12592;0.95
2025-10-14T09:35:40Z;range_close;;;2025-10-14-4;12602;
2025-10-14T09:55:05Z;range_open;BUY;4127.0;2025-10-14-5;12604;0.95
2025-10-14T09:59:54Z;range_close;;;2025-10-14-5;12612;
2025-10-14T10:36:39Z;range_open;SELL;4140.0;2025-10-14-6;12614;0.95
2025-10-14T10:46:38Z;range_close;;;2025-10-14-6;12629;
2025-10-14T11:31:20Z;range_open;BUY;4112.0;2025-10-14-7;12632;0.95
2025-10-14T11:44:28Z;range_close;;;2025-10-14-7;12634;
2025-10-14T12:34:33Z;range_open;BUY;4113.0;2025-10-14-8;12636;0.95
2025-10-14T12:37:09Z;range_close;;;2025-10-14-8;12644;
2025-10-14T12:38:06Z;range_open;BUY;4111.0;2025-10-14-9;12646;0.95
2025-10-14T12:42:24Z;range_close;;;2025-10-14-9;12652;
2025-10-15T07:02:13Z;range_open;SELL;4196.0;2025-10-15-1;12660;0.95
2025-10-15T09:15:46Z;range_close;;;2025-10-15-1;12662;
2025-10-15T10:16:42Z;range_open;SELL;4204.0;2025-10-15-2;12666;0.95
2025-10-15T10:24:47Z;range_close;;;2025-10-15-2;12679;
2025-10-15T10:56:54Z;range_open;SELL;4198.0;2025-10-15-3;12682;0.95
2025-10-15T11:32:57Z;range_close;;;2025-10-15-3;12686;
2025-10-15T11:39:24Z;range_open;SELL;4202.0;2025-10-15-4;12689;0.95
2025-10-15T11:43:07Z;range_close;;;2025-10-15-4;12696;
2025-10-15T12:24:56Z;range_open;BUY;4182.0;2025-10-15-5;12699;0.95
2025-10-15T12:25:58Z;range_close;;;2025-10-15-5;12704;
2025-10-15T12:28:28Z;range_open;BUY;4181.0;2025-10-15-6;12706;0.95
2025-10-15T12:30:54Z;range_close;;;2025-10-15-6;12710;
2025-10-16T07:20:15Z;range_open;SELL;4232.0;2025-10-16-1;12716;0.95
2025-10-16T07:40:55Z;range_close;;;2025-10-16-1;12733;
2025-10-16T08:02:38Z;range_open;SELL;4235.0;2025-10-16-2;12736;0.95
2025-10-16T08:36:56Z;range_close;;;2025-10-16-2;12749;
2025-10-16T08:47:35Z;range_open;SELL;4233.0;2025-10-16-3;12752;0.95
2025-10-16T08:51:17Z;range_close;;;2025-10-16-3;12758;
2025-10-16T09:02:48Z;range_open;SELL;4234.0;2025-10-16-4;12760;0.95
2025-10-16T09:12:34Z;range_close;;;2025-10-16-4;12768;
2025-10-16T09:27:17Z;range_open;BUY;4226.0;2025-10-16-5;12770;0.95
2025-10-16T09:32:01Z;range_close;;;2025-10-16-5;12771;
2025-10-16T09:54:13Z;range_open;SELL;4233.0;2025-10-16-6;12773;0.95
2025-10-16T12:26:13Z;range_close;;;2025-10-16-6;12775;
2025-10-17T10:33:42Z;range_open;BUY;4333.0;2025-10-17-1;12781;0.95
2025-10-17T10:42:39Z;range_close;;;2025-10-17-1;12785;
2025-10-17T10:49:36Z;range_open;SELL;4336.0;2025-10-17-2;12789;0.95
2025-10-17T10:53:26Z;range_close;;;2025-10-17-2;12795;
2025-10-17T11:13:28Z;range_open;BUY;4321.0;2025-10-17-3;12797;0.95
2025-10-17T11:17:18Z;range_close;;;2025-10-17-3;12806;
2025-10-17T11:20:22Z;range_open;SELL;4332.0;2025-10-17-4;12808;0.95
2025-10-17T11:26:18Z;range_close;;;2025-10-17-4;12819;
2025-10-17T12:03:02Z;range_open;BUY;4288.0;2025-10-17-5;12822;0.95
2025-10-17T12:08:22Z;range_close;;;2025-10-17-5;12833;
2025-10-17T14:23:53Z;range_open;BUY;4225.0;2025-10-17-6;12837;0.95
2025-10-17T14:27:40Z;range_close;;;2025-10-17-6;12851;
2025-10-20T07:06:50Z;range_open;SELL;4240.0;2025-10-20-1;12857;0.95
2025-10-20T10:08:01Z;range_close;;;2025-10-20-1;12859;
2025-10-20T10:50:39Z;range_open;SELL;4259.0;2025-10-20-2;12864;0.95
2025-10-20T11:18:45Z;range_close;;;2025-10-20-2;12877;
2025-10-20T11:23:43Z;range_open;SELL;4262.0;2025-10-20-3;12879;0.95
2025-10-20T19:50:27Z;range_close;;;2025-10-20-3;12884;
2025-10-21T07:11:44Z;range_open;BUY;4333.0;2025-10-21-1;12889;0.95
2025-10-21T12:10:57Z;range_close;;;2025-10-21-1;12896;
2025-10-21T14:42:38Z;range_open;BUY;4109.0;2025-10-21-2;12901;0.95
2025-10-21T14:46:56Z;range_close;;;2025-10-21-2;12905;
2025-10-22T06:55:02Z;range_open;SELL;4160.0;2025-10-22-1;12913;0.95
2025-10-22T07:01:12Z;range_close;;;2025-10-22-1;12926;
2025-10-22T07:07:15Z;range_open;BUY;4135.0;2025-10-22-2;12928;0.95
2025-10-22T07:09:24Z;range_close;;;2025-10-22-2;12933;
2025-10-22T07:23:57Z;range_open;BUY;4138.0;2025-10-22-3;12936;0.95
2025-10-22T07:29:31Z;range_close;;;2025-10-22-3;12948;
2025-10-22T08:10:28Z;range_open;BUY;4100.0;2025-10-22-4;12950;0.95
2025-10-22T08:20:42Z;range_close;;;2025-10-22-4;12956;
2025-10-22T09:08:55Z;range_open;SELL;4100.0;2025-10-22-5;12961;0.95
2025-10-22T09:13:42Z;range_close;;;2025-10-22-5;12975;
2025-10-22T10:24:51Z;range_open;SELL;4081.0;2025-10-22-6;12977;0.95
2025-10-22T10:27:26Z;range_close;;;2025-10-22-6;12984;
2025-10-22T11:01:44Z;range_open;BUY;4027.0;2025-10-22-7;12986;0.95
2025-10-22T11:05:11Z;range_close;;;2025-10-22-7;12989;
2025-10-22T11:25:34Z;range_open;SELL;4043.0;2025-10-22-8;12993;0.95
2025-10-22T11:30:49Z;range_close;;;2025-10-22-8;13010;
2025-10-22T12:04:14Z;range_open;SELL;4043.0;2025-10-22-9;13013;0.95
2025-10-22T12:10:36Z;range_close;;;2025-10-22-9;13029;
2025-10-22T16:37:44Z;range_open;SELL;4058.0;2025-10-22-10;13031;0.95
2025-10-22T16:42:20Z;range_close;;;2025-10-22-10;13042;
2025-10-23T07:15:07Z;range_open;SELL;4116.0;2025-10-23-1;13048;0.95
2025-10-23T07:25:42Z;range_close;;;2025-10-23-1;13054;
2025-10-23T07:50:43Z;range_open;SELL;4101.0;2025-10-23-2;13057;0.95
2025-10-23T08:02:04Z;range_close;;;2025-10-23-2;13072;
2025-10-23T08:04:05Z;range_open;SELL;4106.0;2025-10-23-3;13075;0.95
2025-10-23T10:30:04Z;range_close;;;2025-10-23-3;13077;
2025-10-23T10:40:09Z;range_open;SELL;4116.0;2025-10-23-4;13080;0.95
2025-10-23T10:47:25Z;range_close;;;2025-10-23-4;13093;
2025-10-23T11:01:30Z;range_open;SELL;4113.0;2025-10-23-5;13095;0.95
2025-10-23T11:19:09Z;range_close;;;2025-10-23-5;13103;
2025-10-23T12:27:45Z;range_open;SELL;4109.0;2025-10-23-6;13106;0.95
2025-10-23T13:20:15Z;range_close;;;2025-10-23-6;13108;
2025-10-23T13:23:29Z;range_open;SELL;4141.0;2025-10-23-7;13110;0.95
2025-10-23T13:39:03Z;range_close;;;2025-10-23-7;13131;
2025-10-23T13:43:58Z;range_open;SELL;4145.0;2025-10-23-8;13134;0.95
2025-10-23T16:34:42Z;range_close;;;2025-10-23-8;13218;
2025-10-24T08:04:30Z;range_open;BUY;4067.0;2025-10-24-1;13226;0.95
2025-10-24T08:06:36Z;range_close;;;2025-10-24-1;13231;
2025-10-24T08:21:20Z;range_open;BUY;4054.0;2025-10-24-2;13233;0.95
2025-10-24T08:27:11Z;range_close;;;2025-10-24-2;13238;
2025-10-24T09:22:58Z;range_open;SELL;4072.0;2025-10-24-3;13241;0.95
2025-10-24T09:31:40Z;range_close;;;2025-10-24-3;13248;
2025-10-24T12:31:46Z;range_open;SELL;4091.0;2025-10-24-4;13250;0.95
2025-10-24T17:35:42Z;range_close;;;2025-10-24-4;13278;
2025-10-27T08:30:37Z;range_open;BUY;4061.0;2025-10-27-1;13286;0.95
2025-10-27T10:38:18Z;range_close;;;2025-10-27-1;13291;
2025-10-27T10:47:58Z;range_open;BUY;4039.0;2025-10-27-2;13295;0.95
2025-10-27T12:25:18Z;range_close;;;2025-10-27-2;13301;
2025-10-27T12:29:06Z;range_open;BUY;4035.0;2025-10-27-3;13303;0.95
2025-10-27T12:42:26Z;range_close;;;2025-10-27-3;13309;
2025-10-27T12:51:29Z;range_open;SELL;4043.0;2025-10-27-4;13311;0.95
2025-10-27T12:54:08Z;range_close;;;2025-10-27-4;13316;
2025-10-27T13:01:17Z;range_open;SELL;4048.0;2025-10-27-5;13319;0.95
2025-10-27T13:05:37Z;range_close;;;2025-10-27-5;13325;
2025-10-27T13:36:14Z;range_open;SELL;4035.0;2025-10-27-6;13331;0.95
2025-10-27T13:42:08Z;range_close;;;2025-10-27-6;13344;
2025-10-27T14:04:30Z;range_open;BUY;4008.0;2025-10-27-7;13346;0.95
2025-10-27T14:06:59Z;range_close;;;2025-10-27-7;13354;
2025-10-27T14:09:34Z;range_open;BUY;4004.0;2025-10-27-8;13356;0.95
2025-10-27T14:14:17Z;range_close;;;2025-10-27-8;13365;
2025-10-29T13:50:21Z;range_open;SELL;4009.0;2025-10-29-1;13467;0.95
2025-10-29T14:38:35Z;range_close;;;2025-10-29-1;13477;
2025-10-31T08:06:30Z;range_open;SELL;4025.0;2025-10-31-1;13539;0.95
2025-10-31T08:22:31Z;range_close;;;2025-10-31-1;13549;
2025-10-31T09:18:54Z;range_open;BUY;4004.0;2025-10-31-2;13551;0.95
2025-10-31T09:26:33Z;range_close;;;2025-10-31-2;13554;
2025-10-31T10:55:28Z;range_open;BUY;4005.0;2025-10-31-3;13556;0.95
2025-10-31T11:25:32Z;range_close;;;2025-10-31-3;13563;
2025-10-31T12:21:39Z;range_open;SELL;4016.0;2025-10-31-4;13566;0.95
2025-10-31T13:32:59Z;range_close;;;2025-10-31-4;13571;
2025-10-31T14:07:57Z;range_open;SELL;4026.0;2025-10-31-5;13575;0.95
2025-10-31T14:30:09Z;range_close;;;2025-10-31-5;13587;
2025-11-03T09:10:01Z;range_open;SELL;4025.0;2025-11-03-1;13593;0.95
2025-11-03T09:19:32Z;range_close;;;2025-11-03-1;13603;
2025-11-03T09:31:37Z;range_open;BUY;4002.0;2025-11-03-2;13605;0.95
2025-11-03T09:36:12Z;range_close;;;2025-11-03-2;13611;
2025-11-03T09:41:08Z;range_open;BUY;4000.0;2025-11-03-3;13613;0.95
2025-11-03T09:49:48Z;range_close;;;2025-11-03-3;13616;
2025-11-03T12:18:14Z;range_open;SELL;4006.0;2025-11-03-4;13633;0.95
2025-11-03T12:29:50Z;range_close;;;2025-11-03-4;13641;
2025-11-03T12:51:15Z;range_open;SELL;4010.0;2025-11-03-5;13643;0.95
2025-11-03T13:30:28Z;range_close;;;2025-11-03-5;13646;
2025-11-03T13:36:05Z;range_open;SELL;4018.0;2025-11-03-6;13649;0.95
2025-11-03T13:45:52Z;range_close;;;2025-11-03-6;13654;
2025-11-06T07:56:16Z;range_open;SELL;4005.0;2025-11-06-1;13832;0.95
2025-11-06T10:09:57Z;range_close;;;2025-11-06-1;13834;
2025-11-06T10:20:04Z;range_open;SELL;4012.0;2025-11-06-2;13837;0.95
2025-11-06T12:37:48Z;range_close;;;2025-11-06-2;13846;
2025-11-07T08:03:03Z;range_open;SELL;4008.0;2025-11-07-1;13864;0.95
2025-11-07T08:34:06Z;range_close;;;2025-11-07-1;13876;
2025-11-07T09:00:11Z;range_open;SELL;4010.0;2025-11-07-2;13878;0.95
2025-11-07T10:20:05Z;range_close;;;2025-11-07-2;13890;
2025-11-07T11:04:13Z;range_open;SELL;4011.0;2025-11-07-3;13892;0.95
2025-11-07T11:15:44Z;range_close;;;2025-11-07-3;13908;
2025-11-07T14:23:53Z;range_open;SELL;4006.0;2025-11-07-4;13915;0.95
2025-11-07T14:28:32Z;range_close;;;2025-11-07-4;13924;
2025-11-10T07:37:15Z;range_open;SELL;4076.0;2025-11-10-1;13930;0.95
2025-11-10T08:16:08Z;range_close;;;2025-11-10-1;13937;
2025-11-10T08:27:38Z;range_open;SELL;4080.0;2025-11-10-2;13941;0.95
2025-11-10T09:02:35Z;range_close;;;2025-11-10-2;13949;
2025-11-10T09:35:29Z;range_open;SELL;4083.0;2025-11-10-3;13951;0.95
2025-11-10T09:59:14Z;range_close;;;2025-11-10-3;13962;
2025-11-10T10:41:21Z;range_open;SELL;4083.0;2025-11-10-4;13966;0.95
2025-11-10T10:47:23Z;range_close;;;2025-11-10-4;13975;
2025-11-10T11:57:50Z;range_open;SELL;4082.0;2025-11-10-5;13977;0.95
2025-11-10T14:06:19Z;range_close;;;2025-11-10-5;13980;
2025-11-11T08:05:28Z;range_open;SELL;4135.0;2025-11-11-1;13985;0.95
2025-11-11T10:33:51Z;range_close;;;2025-11-11-1;14000;
2025-11-11T10:45:43Z;range_open;SELL;4140.0;2025-11-11-2;14003;0.95
2025-11-11T12:09:18Z;range_close;;;2025-11-11-2;14012;
2025-11-11T13:24:02Z;range_open;SELL;4143.0;2025-11-11-3;14015;0.95
2025-11-11T14:15:23Z;range_close;;;2025-11-11-3;14033;
2025-11-11T15:20:08Z;range_open;BUY;4114.0;2025-11-11-4;14035;0.95
2025-11-11T15:48:20Z;range_close;;;2025-11-11-4;14038;
2025-11-12T08:24:56Z;range_open;SELL;4129.0;2025-11-12-1;14044;0.95
2025-11-12T09:30:59Z;range_close;;;2025-11-12-1;14064;
2025-11-12T10:18:01Z;range_open;SELL;4127.0;2025-11-12-2;14066;0.95
2025-11-12T10:30:36Z;range_close;;;2025-11-12-2;14079;
2025-11-12T10:46:01Z;range_open;BUY;4127.0;2025-11-12-3;14081;0.90
2025-11-12T11:20:42Z;range_close;;;2025-11-12-3;14090;
2025-11-12T12:04:04Z;range_open;SELL;4127.0;2025-11-12-4;14093;0.95
2025-11-12T12:56:54Z;range_close;;;2025-11-12-4;14096;
2025-11-12T14:41:25Z;range_open;SELL;4138.0;2025-11-12-5;14100;0.95
2025-11-12T14:47:55Z;range_close;;;2025-11-12-5;14109;
2025-11-12T15:13:05Z;range_open;SELL;4157.0;2025-11-12-6;14111;0.95
2025-11-13T09:33:01Z;range_open;SELL;4233.0;2025-11-13-1;14122;0.95
2025-11-13T10:36:31Z;range_close;;;2025-11-13-1;14138;
2025-11-13T10:37:53Z;range_open;SELL;4230.0;2025-11-13-2;14140;0.95
2025-11-13T12:27:27Z;range_close;;;2025-11-13-2;14169;
2025-11-13T12:29:18Z;range_open;SELL;4233.0;2025-11-13-3;14171;0.95
2025-11-13T13:02:51Z;range_close;;;2025-11-13-3;14173;
2025-11-13T13:43:54Z;range_open;SELL;4229.0;2025-11-13-4;14174;0.95
2025-11-13T14:09:04Z;range_close;;;2025-11-13-4;14196;
2025-11-14T08:15:33Z;range_open;BUY;4174.0;2025-11-14-1;14207;0.95
2025-11-14T08:17:43Z;range_close;;;2025-11-14-1;14215;
2025-11-14T08:38:14Z;range_open;SELL;4186.0;2025-11-14-2;14217;0.95
2025-11-14T08:42:25Z;range_close;;;2025-11-14-2;14225;
2025-11-14T08:57:48Z;range_open;BUY;4171.0;2025-11-14-3;14227;0.95
2025-11-14T09:06:22Z;range_close;;;2025-11-14-3;14236;
2025-11-14T09:27:17Z;range_open;BUY;4169.0;2025-11-14-4;14238;0.95
2025-11-14T10:10:23Z;range_close;;;2025-11-14-4;14245;
2025-11-14T11:09:49Z;range_open;BUY;4158.0;2025-11-14-5;14249;0.95
2025-11-14T11:35:46Z;range_close;;;2025-11-14-5;14252;
2025-11-14T11:56:41Z;range_open;BUY;4132.0;2025-11-14-6;14256;0.95
2025-11-14T12:03:04Z;range_close;;;2025-11-14-6;14267;
2025-11-14T13:21:46Z;range_open;BUY;4080.0;2025-11-14-7;14284;0.95
2025-11-14T14:39:52Z;range_close;;;2025-11-14-7;14285;
2025-11-17T08:07:57Z;range_open;BUY;4093.0;2025-11-17-1;14294;0.90
2025-11-17T08:19:13Z;range_close;;;2025-11-17-1;14307;
2025-11-17T10:01:54Z;range_open;BUY;4085.0;2025-11-17-2;14309;0.90
2025-11-17T10:35:59Z;range_close;;;2025-11-17-2;14325;
2025-11-17T10:54:07Z;range_open;BUY;4070.0;2025-11-17-3;14327;0.90
2025-11-17T11:08:35Z;range_close;;;2025-11-17-3;14330;
2025-11-17T12:32:24Z;range_open;BUY;4084.0;2025-11-17-4;14336;0.90
2025-11-17T13:01:52Z;range_close;;;2025-11-17-4;14348;
2025-11-17T13:06:34Z;range_open;BUY;4088.0;2025-11-17-5;14350;0.90
2025-11-17T13:27:25Z;range_close;;;2025-11-17-5;14363;
2025-11-18T08:08:10Z;range_open;BUY;4023.0;2025-11-18-1;14368;0.90
2025-11-18T12:58:32Z;range_close;;;2025-11-18-1;14380;
2025-11-18T13:05:11Z;range_open;BUY;4045.0;2025-11-18-2;14385;0.90
2025-11-18T13:12:17Z;range_close;;;2025-11-18-2;14395;
2025-11-18T13:25:10Z;range_open;BUY;4048.0;2025-11-18-3;14397;0.90
2025-11-18T13:27:45Z;range_close;;;2025-11-18-3;14399;
2025-11-18T13:34:50Z;range_open;BUY;4054.0;2025-11-18-4;14401;0.90
2025-11-18T14:55:17Z;range_close;;;2025-11-18-4;14403;
2025-11-19T08:12:38Z;range_open;BUY;4079.0;2025-11-19-1;14409;0.90
2025-11-19T08:27:19Z;range_close;;;2025-11-19-1;14416;
2025-11-19T08:50:55Z;range_open;BUY;4080.0;2025-11-19-2;14418;0.90
2025-11-19T09:12:38Z;range_close;;;2025-11-19-2;14435;
2025-11-19T09:22:06Z;range_open;BUY;4091.0;2025-11-19-3;14437;0.90
2025-11-19T15:46:03Z;range_close;;;2025-11-19-3;14443;
2025-11-20T08:02:18Z;range_open;BUY;4057.0;2025-11-20-1;14450;0.90
2025-11-20T08:35:58Z;range_close;;;2025-11-20-1;14452;
2025-11-20T09:02:49Z;range_open;BUY;4071.0;2025-11-20-2;14456;0.90
2025-11-20T09:28:32Z;range_close;;;2025-11-20-2;14475;
2025-11-20T09:53:17Z;range_open;BUY;4068.0;2025-11-20-3;14477;0.90
2025-11-20T10:14:16Z;range_close;;;2025-11-20-3;14493;
2025-11-20T10:55:10Z;range_open;BUY;4060.0;2025-11-20-4;14495;0.90
2025-11-20T11:47:05Z;range_close;;;2025-11-20-4;14510;
2025-11-20T12:09:49Z;range_open;BUY;4068.0;2025-11-20-5;14512;0.90
2025-11-20T13:30:15Z;range_close;;;2025-11-20-5;14516;
2025-11-21T07:38:48Z;range_open;BUY;4035.0;2025-11-21-1;14523;0.90
2025-11-21T07:55:21Z;range_close;;;2025-11-21-1;14526;
2025-11-21T08:18:11Z;range_open;BUY;4040.0;2025-11-21-2;14529;0.90
2025-11-21T08:22:18Z;range_close;;;2025-11-21-2;14538;
2025-11-21T08:26:35Z;range_open;BUY;4044.0;2025-11-21-3;14540;0.90
2025-11-21T08:49:12Z;range_close;;;2025-11-21-3;14552;
2025-11-21T09:03:01Z;range_open;BUY;4047.0;2025-11-21-4;14554;0.90
2025-11-21T09:44:44Z;range_close;;;2025-11-21-4;14557;
2025-11-21T10:14:44Z;range_open;BUY;4036.0;2025-11-21-5;14560;0.90
2025-11-21T10:22:18Z;range_close;;;2025-11-21-5;14568;
2025-11-21T11:07:48Z;range_open;BUY;4043.0;2025-11-21-6;14570;0.90
2025-11-21T11:38:11Z;range_close;;;2025-11-21-6;14581;
2025-11-21T12:07:48Z;range_open;BUY;4043.0;2025-11-21-7;14584;0.90
2025-11-21T15:40:12Z;range_close;;;2025-11-21-7;14596;
2025-11-24T08:22:50Z;range_open;BUY;4065.0;2025-11-24-1;14603;0.90
2025-11-24T08:45:57Z;range_close;;;2025-11-24-1;14612;
2025-11-24T09:09:57Z;range_open;BUY;4068.0;2025-11-24-2;14614;0.90
2025-11-24T09:47:13Z;range_close;;;2025-11-24-2;14623;
2025-11-24T10:03:19Z;range_open;BUY;4076.0;2025-11-24-3;14626;0.90
2025-11-24T10:17:16Z;range_close;;;2025-11-24-3;14637;
2025-11-24T11:12:35Z;range_open;BUY;4067.0;2025-11-24-4;14639;0.90
2025-11-24T12:10:47Z;range_close;;;2025-11-24-4;14644;
2025-11-24T12:33:41Z;range_open;BUY;4073.0;2025-11-24-5;14646;0.90
2025-11-24T13:51:43Z;range_close;;;2025-11-24-5;14648;
2025-11-24T15:10:06Z;range_open;BUY;4090.0;2025-11-24-6;14651;0.90
2025-11-24T15:31:48Z;range_close;;;2025-11-24-6;14661;
2025-11-25T08:35:04Z;range_open;BUY;4129.0;2025-11-25-1;14666;0.90
2025-11-25T08:41:20Z;range_close;;;2025-11-25-1;14669;
2025-11-25T08:52:12Z;range_open;BUY;4118.0;2025-11-25-2;14671;0.90
2025-11-25T09:03:01Z;range_close;;;2025-11-25-2;14674;
2025-11-25T10:03:51Z;range_open;BUY;4133.0;2025-11-25-3;14678;0.90
2025-11-25T10:30:47Z;range_close;;;2025-11-25-3;14688;
2025-11-25T12:04:54Z;range_open;BUY;4135.0;2025-11-25-4;14690;0.90
2025-11-25T12:38:12Z;range_close;;;2025-11-25-4;14700;
2025-11-25T13:02:59Z;range_open;BUY;4132.0;2025-11-25-5;14702;0.90
2025-11-25T14:27:53Z;range_close;;;2025-11-25-5;14705;
2025-11-26T08:07:41Z;range_open;BUY;4164.0;2025-11-26-1;14710;0.90
2025-11-26T08:35:53Z;range_close;;;2025-11-26-1;14719;
2025-11-26T10:53:44Z;range_open;BUY;4160.0;2025-11-26-2;14737;0.90
2025-11-26T12:28:47Z;range_close;;;2025-11-26-2;14741;
2025-11-26T14:08:18Z;range_open;BUY;4141.0;2025-11-26-3;14759;0.90
2025-11-26T14:11:51Z;range_close;;;2025-11-26-3;14765;
2025-11-27T08:09:12Z;range_open;BUY;4162.0;2025-11-27-1;14770;0.90
2025-11-27T09:15:26Z;range_close;;;2025-11-27-1;14781;
2025-11-27T09:19:07Z;range_open;BUY;4151.0;2025-11-27-2;14782;0.90
2025-11-27T09:20:23Z;range_close;;;2025-11-27-2;14784;
2025-11-27T09:21:23Z;range_open;BUY;4151.0;2025-11-27-3;14785;0.90
2025-11-27T09:29:12Z;range_close;;;2025-11-27-3;14792;
2025-11-27T09:53:35Z;range_open;BUY;4159.0;2025-11-27-4;14794;0.90
2025-11-27T10:30:14Z;range_close;;;2025-11-27-4;14802;
2025-11-27T11:06:06Z;range_open;BUY;4156.0;2025-11-27-5;14803;0.90
2025-11-27T12:00:54Z;range_close;;;2025-11-27-5;14806;
2025-11-27T13:00:56Z;range_open;BUY;4152.0;2025-11-27-6;14808;0.90
2025-11-27T13:39:02Z;range_close;;;2025-11-27-6;14821;
2025-11-28T08:21:03Z;range_open;BUY;4162.0;2025-11-28-1;14828;0.90
2025-11-28T11:09:55Z;range_close;;;2025-11-28-1;14835;
2025-11-28T11:27:58Z;range_open;BUY;4177.0;2025-11-28-2;14837;0.90
2025-11-28T11:49:35Z;range_close;;;2025-11-28-2;14845;
2025-12-01T07:56:34Z;range_open;BUY;4243.0;2025-12-01-1;14852;0.90
2025-12-01T08:36:49Z;range_close;;;2025-12-01-1;14854;
2025-12-01T08:58:13Z;range_open;BUY;4243.0;2025-12-01-2;14856;0.90
2025-12-01T12:54:54Z;range_close;;;2025-12-01-2;14862;
2025-12-01T13:04:00Z;range_open;BUY;4251.0;2025-12-01-3;14868;0.90
2025-12-01T13:51:10Z;range_close;;;2025-12-01-3;14875;
2025-12-01T14:37:08Z;range_open;BUY;4232.0;2025-12-01-4;14881;0.90
2025-12-01T14:38:56Z;range_close;;;2025-12-01-4;14883;
2025-12-02T08:55:43Z;range_open;BUY;4211.0;2025-12-02-1;14896;0.90
2025-12-02T11:37:04Z;range_close;;;2025-12-02-1;14900;
2025-12-02T12:05:40Z;range_open;BUY;4207.0;2025-12-02-2;14903;0.90
2025-12-02T12:27:31Z;range_close;;;2025-12-02-2;14909;
2025-12-02T12:47:19Z;range_open;BUY;4206.0;2025-12-02-3;14910;0.90
2025-12-02T13:08:44Z;range_close;;;2025-12-02-3;14913;
2025-12-02T13:42:14Z;range_open;BUY;4207.0;2025-12-02-4;14915;0.90
2025-12-02T15:05:49Z;range_close;;;2025-12-02-4;14923;
2025-12-03T09:09:07Z;range_open;BUY;4197.0;2025-12-03-1;14928;0.90
2025-12-03T10:00:29Z;range_close;;;2025-12-03-1;14938;
2025-12-03T11:20:00Z;range_open;BUY;4202.0;2025-12-03-2;14940;0.90
2025-12-03T14:50:05Z;range_close;;;2025-12-03-2;14943;
2025-12-04T08:23:56Z;range_open;BUY;4192.0;2025-12-04-1;14950;0.90
2025-12-04T09:06:43Z;range_close;;;2025-12-04-1;14956;
2025-12-04T09:55:55Z;range_open;BUY;4202.0;2025-12-04-2;14960;0.90
2025-12-04T10:31:06Z;range_close;;;2025-12-04-2;14970;
2025-12-04T11:09:21Z;range_open;BUY;4204.0;2025-12-04-3;14972;0.90
2025-12-04T11:26:31Z;range_close;;;2025-12-04-3;14982;
2025-12-04T12:03:43Z;range_open;BUY;4197.0;2025-12-04-4;14984;0.90
2025-12-04T12:20:18Z;range_close;;;2025-12-04-4;14992;
2025-12-04T12:30:55Z;range_open;BUY;4192.0;2025-12-04-5;14995;0.90
2025-12-04T12:44:23Z;range_close;;;2025-12-04-5;14999;
2025-12-04T14:06:51Z;range_open;BUY;4200.0;2025-12-04-6;15001;0.90
2025-12-04T14:37:30Z;range_close;;;2025-12-04-6;15003;
2025-12-05T08:11:18Z;range_open;SELL;4224.0;2025-12-05-1;15014;0.95
2025-12-05T09:08:09Z;range_close;;;2025-12-05-1;15027;
2025-12-05T10:19:31Z;range_open;SELL;4224.0;2025-12-05-2;15028;0.95
2025-12-05T10:42:08Z;range_close;;;2025-12-05-2;15031;
2025-12-05T11:31:36Z;range_open;SELL;4224.0;2025-12-05-3;15033;0.95
2025-12-05T12:12:54Z;range_close;;;2025-12-05-3;15039;
2025-12-05T12:19:19Z;range_open;SELL;4228.0;2025-12-05-4;15041;0.95
2025-12-05T12:21:21Z;range_close;;;2025-12-05-4;15045;
2025-12-05T13:26:56Z;range_open;SELL;4231.0;2025-12-05-5;15047;0.95
2025-12-05T13:43:03Z;range_close;;;2025-12-05-5;15049;
2025-12-08T08:03:51Z;range_open;BUY;4208.0;2025-12-08-1;15055;0.90
2025-12-08T08:30:55Z;range_close;;;2025-12-08-1;15059;
2025-12-08T09:30:10Z;range_open;BUY;4210.0;2025-12-08-2;15061;0.90
2025-12-08T09:51:06Z;range_close;;;2025-12-08-2;15068;
2025-12-08T10:58:42Z;range_open;BUY;4203.0;2025-12-08-3;15072;0.90
2025-12-08T11:13:41Z;range_close;;;2025-12-08-3;15075;
2025-12-08T11:29:51Z;range_open;BUY;4209.0;2025-12-08-4;15077;0.90
2025-12-08T13:01:13Z;range_close;;;2025-12-08-4;15082;
2025-12-08T15:07:30Z;range_open;BUY;4181.0;2025-12-08-5;15084;0.90
2025-12-08T15:11:46Z;range_close;;;2025-12-08-5;15092;
2025-12-09T08:05:54Z;range_open;SELL;4186.0;2025-12-09-1;15098;0.95
2025-12-09T14:11:19Z;range_close;;;2025-12-09-1;15106;
2025-12-10T08:14:29Z;range_open;SELL;4203.0;2025-12-10-1;15121;0.95
2025-12-10T09:04:39Z;range_close;;;2025-12-10-1;15135;
2025-12-10T09:48:18Z;range_open;BUY;4193.0;2025-12-10-2;15136;0.95
2025-12-10T10:35:18Z;range_close;;;2025-12-10-2;15144;
2025-12-10T13:07:46Z;range_open;SELL;4199.0;2025-12-10-3;15151;0.95
2025-12-10T13:14:16Z;range_close;;;2025-12-10-3;15158;
2025-12-10T13:26:34Z;range_open;SELL;4199.0;2025-12-10-4;15160;0.95
2025-12-10T14:26:26Z;range_close;;;2025-12-10-4;15167;
2025-12-11T08:21:28Z;range_open;SELL;4216.0;2025-12-11-1;15180;0.95
2025-12-11T09:10:28Z;range_close;;;2025-12-11-1;15194;
2025-12-11T09:26:53Z;range_open;SELL;4216.0;2025-12-11-2;15196;0.95
2025-12-11T10:22:27Z;range_close;;;2025-12-11-2;15201;
2025-12-11T13:00:16Z;range_open;SELL;4221.0;2025-12-11-3;15229;0.95
2025-12-11T13:04:04Z;range_close;;;2025-12-11-3;15237;
2025-12-11T13:09:59Z;range_open;BUY;4212.0;2025-12-11-4;15238;0.90
2025-12-11T13:24:58Z;range_close;;;2025-12-11-4;15241;
2025-12-11T13:50:53Z;range_open;BUY;4221.0;2025-12-11-5;15247;0.90
2025-12-15T07:58:38Z;range_open;BUY;4340.0;2025-12-15-1;15337;0.90
2025-12-15T10:01:12Z;range_close;;;2025-12-15-1;15340;
2025-12-15T10:27:08Z;range_open;BUY;4347.0;2025-12-15-2;15342;0.90
2025-12-15T10:31:52Z;range_close;;;2025-12-15-2;15352;
2025-12-15T11:53:29Z;range_open;BUY;4343.0;2025-12-15-3;15356;0.90
2025-12-15T12:57:45Z;range_close;;;2025-12-15-3;15361;
2025-12-15T16:34:58Z;range_open;BUY;4290.0;2025-12-15-4;15363;0.90
2025-12-15T16:39:40Z;range_close;;;2025-12-15-4;15367;
2025-12-16T08:20:29Z;range_open;BUY;4277.0;2025-12-16-1;15372;0.95
2025-12-16T08:33:53Z;range_close;;;2025-12-16-1;15379;
2025-12-16T09:19:43Z;range_open;BUY;4283.0;2025-12-16-2;15382;0.95
2025-12-16T10:01:24Z;range_close;;;2025-12-16-2;15387;
2025-12-16T12:16:29Z;range_open;SELL;4290.0;2025-12-16-3;15402;0.95
2025-12-16T16:21:37Z;range_close;;;2025-12-16-3;15410;
2025-12-17T10:19:33Z;range_open;SELL;4320.0;2025-12-17-1;15440;0.95
2025-12-17T10:35:30Z;range_close;;;2025-12-17-1;15451;
2025-12-17T10:38:17Z;range_open;BUY;4207.0;2025-12-17-2;15453;0.95
2025-12-17T10:44:16Z;range_close;;;2025-12-17-2;15462;
2025-12-18T08:05:48Z;range_open;BUY;4326.0;2025-12-18-1;15474;0.95
2025-12-18T08:13:15Z;range_close;;;2025-12-18-1;15479;
2025-12-18T08:45:19Z;range_open;BUY;4327.0;2025-12-18-2;15480;0.95
2025-12-18T08:58:44Z;range_close;;;2025-12-18-2;15481;
2025-12-18T09:09:27Z;range_open;BUY;4326.0;2025-12-18-3;15483;0.95
2025-12-18T10:03:03Z;range_close;;;2025-12-18-3;15487;
2025-12-18T12:29:37Z;range_open;BUY;4318.0;2025-12-18-4;15502;0.95
2025-12-18T12:40:19Z;range_close;;;2025-12-18-4;15507;
2025-12-18T13:32:00Z;range_open;SELL;4330.0;2025-12-18-5;15509;0.95
2025-12-18T14:00:42Z;range_close;;;2025-12-18-5;15515;
2025-12-18T16:12:37Z;range_open;SELL;4359.0;2025-12-18-6;15518;0.95
2025-12-18T16:50:54Z;range_close;;;2025-12-18-6;15520;
2025-12-19T08:32:58Z;range_open;BUY;4327.0;2025-12-19-1;15526;0.90
2025-12-19T09:13:52Z;range_close;;;2025-12-19-1;15534;
2025-12-19T09:41:44Z;range_open;BUY;4329.0;2025-12-19-2;15536;0.90
2025-12-19T10:31:31Z;range_close;;;2025-12-19-2;15547;
2025-12-19T12:11:28Z;range_open;BUY;4321.0;2025-12-19-3;15551;0.90
2025-12-19T12:28:06Z;range_close;;;2025-12-19-3;15559;
2025-12-19T13:05:34Z;range_open;BUY;4330.0;2025-12-19-4;15562;0.90
2025-12-19T13:24:31Z;range_close;;;2025-12-19-4;15566;
2025-12-22T08:32:54Z;range_open;SELL;4313.0;2025-12-22-1;15572;0.95
2025-12-22T08:43:46Z;range_close;;;2025-12-22-1;15578;
2025-12-22T08:59:34Z;range_open;SELL;4409.0;2025-12-22-2;15579;0.95
2025-12-22T10:30:42Z;range_close;;;2025-12-22-2;15580;
2025-12-22T10:50:22Z;range_open;SELL;4411.0;2025-12-22-3;15584;0.95
2025-12-22T11:18:53Z;range_close;;;2025-12-22-3;15590;
2025-12-22T12:01:39Z;range_open;SELL;4312.0;2025-12-22-4;15592;0.95
2025-12-22T12:11:26Z;range_close;;;2025-12-22-4;15598;
2025-12-22T12:17:09Z;range_open;SELL;4412.0;2025-12-22-5;15600;0.95
2025-12-22T12:28:20Z;range_close;;;2025-12-22-5;15605;
2025-12-22T13:00:18Z;range_open;SELL;4417.0;2025-12-22-6;15606;0.95
2025-12-22T13:02:46Z;range_close;;;2025-12-22-6;15609;
2025-12-22T13:04:17Z;range_open;SELL;4418.0;2025-12-22-7;15610;0.95
2025-12-22T13:22:40Z;range_close;;;2025-12-22-7;15612;
2025-12-23T07:55:56Z;range_open;BUY;4487.0;2025-12-23-1;15618;0.90
2025-12-23T09:02:03Z;range_close;;;2025-12-23-1;15626;
2025-12-23T10:22:02Z;range_open;BUY;4486.0;2025-12-23-2;15629;0.90
2025-12-23T11:02:31Z;range_close;;;2025-12-23-2;15638;
2025-12-23T11:40:53Z;range_open;BUY;4487.0;2025-12-23-3;15640;0.90
2025-12-23T12:07:18Z;range_close;;;2025-12-23-3;15645;
2025-12-23T13:55:28Z;range_open;BUY;4475.0;2025-12-23-4;15647;0.90
2025-12-23T13:58:47Z;range_close;;;2025-12-23-4;15656;
2025-12-24T08:02:48Z;range_open;BUY;4480.0;2025-12-24-1;15660;0.95
2025-12-24T08:07:56Z;range_close;;;2025-12-24-1;15668;
2025-12-24T08:39:12Z;range_open;SELL;4489.0;2025-12-24-2;15676;0.95
2025-12-24T08:52:31Z;range_close;;;2025-12-24-2;15681;
2025-12-24T09:42:20Z;range_open;SELL;4491.0;2025-12-24-3;15691;0.95
2025-12-24T10:11:43Z;range_close;;;2025-12-24-3;15692;
2025-12-24T11:40:51Z;range_open;BUY;4484.0;2025-12-24-4;15695;0.95
2025-12-24T11:45:35Z;range_close;;;2025-12-24-4;15700;
2025-12-24T12:04:32Z;range_open;SELL;4492.0;2025-12-24-5;15702;0.95
2025-12-24T12:23:14Z;range_close;;;2025-12-24-5;15703;
2025-12-26T08:10:23Z;range_open;BUY;4512.0;2025-12-26-1;15709;0.90
2025-12-26T09:44:20Z;range_close;;;2025-12-26-1;15712;
2025-12-26T10:13:25Z;range_open;BUY;4518.0;2025-12-26-2;15714;0.90
2025-12-26T10:50:17Z;range_close;;;2025-12-26-2;15725;
2025-12-26T11:50:36Z;range_open;BUY;4505.0;2025-12-26-3;15727;0.90
2025-12-26T12:00:34Z;range_close;;;2025-12-26-3;15734;
2025-12-26T13:37:33Z;range_open;BUY;4522.0;2025-12-26-4;15736;0.90
2025-12-26T13:44:13Z;range_close;;;2025-12-26-4;15738;
2025-12-29T08:20:55Z;range_open;BUY;4481.0;2025-12-29-1;15744;0.90
2025-12-29T08:28:11Z;range_close;;;2025-12-29-1;15751;
2025-12-29T08:31:02Z;range_open;BUY;4474.0;2025-12-29-2;15753;0.90
2025-12-29T08:41:16Z;range_close;;;2025-12-29-2;15760;
2025-12-29T08:46:40Z;range_open;BUY;4468.0;2025-12-29-3;15762;0.90
2025-12-29T09:02:27Z;range_close;;;2025-12-29-3;15764;
2025-12-29T10:32:54Z;range_open;BUY;4459.0;2025-12-29-4;15767;0.90
2025-12-29T10:44:20Z;range_close;;;2025-12-29-4;15776;
2025-12-29T11:40:20Z;range_open;BUY;4440.0;2025-12-29-5;15780;0.90
2025-12-29T11:44:41Z;range_close;;;2025-12-29-5;15794;
2025-12-29T13:48:51Z;range_open;BUY;4416.0;2025-12-29-6;15796;0.90
2025-12-29T13:53:17Z;range_close;;;2025-12-29-6;15799;
2025-12-29T14:03:35Z;range_open;BUY;4401.0;2025-12-29-7;15803;0.90
2025-12-29T14:13:51Z;range_close;;;2025-12-29-7;15808;
2025-12-30T08:09:18Z;range_open;SELL;4372.0;2025-12-30-1;15815;0.95
2025-12-30T08:22:23Z;range_close;;;2025-12-30-1;15828;
2025-12-30T08:28:27Z;range_open;BUY;4357.0;2025-12-30-2;15830;0.95
2025-12-30T08:31:09Z;range_close;;;2025-12-30-2;15832;
2025-12-30T08:36:33Z;range_open;BUY;4354.0;2025-12-30-3;15834;0.95
2025-12-30T08:40:16Z;range_close;;;2025-12-30-3;15840;
2025-12-30T09:01:55Z;range_open;SELL;4365.0;2025-12-30-4;15842;0.95
2025-12-30T09:40:34Z;range_close;;;2025-12-30-4;15845;
2025-12-30T09:59:46Z;range_open;SELL;4373.0;2025-12-30-5;15848;0.95
2025-12-30T10:09:45Z;range_close;;;2025-12-30-5;15855;
2025-12-30T10:13:57Z;range_open;SELL;4375.0;2025-12-30-6;15856;0.95
2025-12-30T13:32:14Z;range_close;;;2025-12-30-6;15858;
2025-12-31T08:04:29Z;range_open;SELL;4329.0;2025-12-31-1;15864;0.95
2025-12-31T08:10:05Z;range_close;;;2025-12-31-1;15873;
2025-12-31T08:48:32Z;range_open;BUY;4314.0;2025-12-31-2;15874;0.95
2025-12-31T09:03:09Z;range_close;;;2025-12-31-2;15877;
2025-12-31T09:20:31Z;range_open;BUY;4314.0;2025-12-31-3;15879;0.95
2025-12-31T09:25:09Z;range_close;;;2025-12-31-3;15887;
2025-12-31T09:44:34Z;range_open;SELL;4335.0;2025-12-31-4;15888;0.95
2025-12-31T09:50:05Z;range_close;;;2025-12-31-4;15894;
2025-12-31T10:32:55Z;range_open;BUY;4309.0;2025-12-31-5;15896;0.95
2025-12-31T10:36:55Z;range_close;;;2025-12-31-5;15901;
2025-12-31T10:43:04Z;range_open;BUY;4306.0;2025-12-31-6;15910;0.95
2025-12-31T10:46:19Z;range_close;;;2025-12-31-6;15914;
2025-12-31T14:00:24Z;range_open;SELL;4347.0;2025-12-31-7;15916;0.95
2025-12-31T14:03:00Z;range_close;;;2025-12-31-7;15926;
2026-01-02T08:34:01Z;range_open;BUY;4387.0;2026-01-02-1;15930;0.90
2026-01-02T08:59:39Z;range_close;;;2026-01-02-1;15932;
2026-01-02T10:05:41Z;range_open;BUY;4388.0;2026-01-02-2;15935;0.90
2026-01-02T10:34:11Z;range_close;;;2026-01-02-2;15943;
2026-01-02T10:37:43Z;range_open;BUY;4393.0;2026-01-02-3;15945;0.90
2026-01-02T11:31:06Z;range_close;;;2026-01-02-3;15949;
2026-01-02T12:07:49Z;range_open;BUY;4395.0;2026-01-02-4;15951;0.90
2026-01-02T12:41:43Z;range_close;;;2026-01-02-4;15963;
2026-01-02T12:59:43Z;range_open;BUY;4394.0;2026-01-02-5;15965;0.90
2026-01-02T13:20:36Z;range_close;;;2026-01-02-5;15969;
2026-01-05T08:06:04Z;range_open;SELL;4421.0;2026-01-05-1;15977;0.95
2026-01-05T11:25:52Z;range_close;;;2026-01-05-1;15979;
2026-01-05T11:45:26Z;range_open;SELL;4323.0;2026-01-05-2;15991;0.95
2026-01-05T12:10:02Z;range_close;;;2026-01-05-2;16000;
2026-01-05T12:22:57Z;range_open;BUY;4416.0;2026-01-05-3;16002;0.95
2026-01-05T13:01:45Z;range_close;;;2026-01-05-3;16007;
2026-01-05T13:11:36Z;range_open;BUY;4408.0;2026-01-05-4;16011;0.95
2026-01-05T13:13:36Z;range_close;;;2026-01-05-4;16016;
2026-01-05T13:26:01Z;range_open;BUY;4403.0;2026-01-05-5;16018;0.95
2026-01-05T13:31:48Z;range_close;;;2026-01-05-5;16022;
2026-01-06T08:06:49Z;range_open;SELL;4462.0;2026-01-06-1;16030;0.95
2026-01-06T09:04:48Z;range_close;;;2026-01-06-1;16033;
2026-01-06T09:48:23Z;range_open;BUY;4446.0;2026-01-06-2;16036;0.95
2026-01-06T09:56:42Z;range_close;;;2026-01-06-2;16045;
2026-01-06T10:03:36Z;range_open;BUY;4443.0;2026-01-06-3;16047;0.95
2026-01-06T10:06:42Z;range_close;;;2026-01-06-3;16054;
2026-01-06T12:52:18Z;range_open;SELL;4462.0;2026-01-06-4;16067;0.95
2026-01-06T13:24:00Z;range_close;;;2026-01-06-4;16084;
2026-01-07T08:28:02Z;range_open;SELL;4465.0;2026-01-07-1;16104;0.95
2026-01-07T09:03:21Z;range_close;;;2026-01-07-1;16108;
2026-01-07T09:11:23Z;range_open;SELL;4464.0;2026-01-07-2;16111;0.95
2026-01-07T09:29:22Z;range_close;;;2026-01-07-2;16116;
2026-01-07T10:43:52Z;range_open;SELL;4465.0;2026-01-07-3;16128;0.95
2026-01-07T11:03:20Z;range_close;;;2026-01-07-3;16134;
2026-01-07T12:02:50Z;range_open;BUY;4448.0;2026-01-07-4;16142;0.95
2026-01-07T12:22:39Z;range_close;;;2026-01-07-4;16146;
2026-01-13T10:13:49Z;range_open;BUY;4581.0;2026-01-13-1;16303;0.95
2026-01-13T10:30:13Z;range_close;;;2026-01-13-1;16312;
2026-01-13T10:55:00Z;range_open;BUY;4585.0;2026-01-13-2;16314;0.95
2026-01-13T11:02:17Z;range_close;;;2026-01-13-2;16320;
2026-01-13T11:06:00Z;range_open;SELL;4587.0;2026-01-13-3;16322;0.95
2026-01-13T11:20:08Z;range_close;;;2026-01-13-3;16331;
2026-01-13T11:26:53Z;range_open;SELL;4587.0;2026-01-13-4;16332;0.95
2026-01-13T12:18:19Z;range_close;;;2026-01-13-4;16346;
2026-01-13T12:53:02Z;range_open;SELL;4592.0;2026-01-13-5;16348;0.95
2026-01-13T13:03:51Z;range_close;;;2026-01-13-5;16353;
2026-01-13T13:40:31Z;range_open;SELL;4613.0;2026-01-13-6;16356;0.95
2026-01-13T13:52:17Z;range_close;;;2026-01-13-6;16358;
2026-01-14T08:04:28Z;range_open;SELL;4632.0;2026-01-14-1;16364;0.95
2026-01-14T08:13:55Z;range_close;;;2026-01-14-1;16370;
2026-01-14T08:33:12Z;range_open;SELL;4627.0;2026-01-14-2;16372;0.95
2026-01-14T09:41:46Z;range_close;;;2026-01-14-2;16374;
2026-01-14T10:15:50Z;range_open;SELL;4633.0;2026-01-14-3;16378;0.95
2026-01-14T11:03:34Z;range_close;;;2026-01-14-3;16389;
2026-01-14T11:05:14Z;range_open;SELL;4636.0;2026-01-14-4;16391;0.95
2026-01-14T11:29:46Z;range_close;;;2026-01-14-4;16403;
2026-01-14T11:57:25Z;range_open;SELL;4630.0;2026-01-14-5;16405;0.95
2026-01-14T13:05:36Z;range_close;;;2026-01-14-5;16409;
2026-01-14T14:50:05Z;range_open;BUY;4607.0;2026-01-14-6;16412;0.95
2026-01-14T14:51:55Z;range_close;;;2026-01-14-6;16420;
2026-01-14T15:03:52Z;range_open;BUY;4605.0;2026-01-14-7;16421;0.95
2026-01-14T15:07:00Z;range_close;;;2026-01-14-7;16429;
2026-01-15T08:15:07Z;range_open;BUY;4604.0;2026-01-15-1;16433;0.95
2026-01-15T09:11:45Z;range_close;;;2026-01-15-1;16443;
2026-01-15T09:50:12Z;range_open;SELL;4612.0;2026-01-15-2;16446;0.95
2026-01-15T12:48:36Z;range_close;;;2026-01-15-2;16455;
2026-01-15T13:37:20Z;range_open;BUY;4592.0;2026-01-15-3;16458;0.95
2026-01-15T13:39:11Z;range_close;;;2026-01-15-3;16464;
2026-01-15T13:40:30Z;range_open;BUY;4592.0;2026-01-15-4;16466;0.95
2026-01-15T13:50:24Z;range_close;;;2026-01-15-4;16471;
2026-01-16T09:43:45Z;range_open;SELL;4602.0;2026-01-16-1;16476;0.95
2026-01-16T11:00:51Z;range_close;;;2026-01-16-1;16484;
2026-01-16T11:14:15Z;range_open;SELL;4606.0;2026-01-16-2;16486;0.95
2026-01-16T13:06:07Z;range_close;;;2026-01-16-2;16500;
2026-01-16T15:34:32Z;range_open;BUY;4542.0;2026-01-16-3;16503;0.95
2026-01-16T15:48:48Z;range_close;;;2026-01-16-3;16530;
2026-01-19T08:32:24Z;range_open;SELL;4670.0;2026-01-19-1;16537;0.95
2026-01-19T09:13:39Z;range_close;;;2026-01-19-1;16548;
2026-01-19T09:22:24Z;range_open;SELL;4672.0;2026-01-19-2;16552;0.95
2026-01-19T11:35:30Z;range_close;;;2026-01-19-2;16567;
2026-01-19T12:13:02Z;range_open;SELL;4665.0;2026-01-19-3;16569;0.95
2026-01-19T13:52:36Z;range_close;;;2026-01-19-3;16571;
2026-01-20T08:05:07Z;range_open;SELL;4720.0;2026-01-20-1;16584;0.95
2026-01-20T11:06:56Z;range_close;;;2026-01-20-1;16595;
2026-01-20T11:10:50Z;range_open;SELL;4727.0;2026-01-20-2;16597;0.95
2026-01-20T12:05:21Z;range_close;;;2026-01-20-2;16602;
2026-01-20T12:38:58Z;range_open;SELL;4725.0;2026-01-20-3;16617;0.95
2026-01-20T13:34:19Z;range_close;;;2026-01-20-3;16639;
2026-01-20T13:41:55Z;range_open;SELL;4727.0;2026-01-20-4;16642;0.95
2026-01-20T14:34:29Z;range_close;;;2026-01-20-4;16645;
2026-01-21T08:09:34Z;range_open;SELL;4860.0;2026-01-21-1;16652;0.95
2026-01-21T08:51:29Z;range_close;;;2026-01-21-1;16666;
2026-01-21T09:06:03Z;range_open;SELL;4860.0;2026-01-21-2;16669;0.95
2026-01-21T09:53:00Z;range_close;;;2026-01-21-2;16675;
2026-01-21T10:02:28Z;range_open;SELL;4865.0;2026-01-21-3;16678;0.95
2026-01-21T10:40:33Z;range_close;;;2026-01-21-3;16700;
2026-01-21T10:55:57Z;range_open;SELL;4865.0;2026-01-21-4;16703;0.95
2026-01-21T11:08:57Z;range_close;;;2026-01-21-4;16710;
2026-01-21T11:20:36Z;range_open;SELL;4871.0;2026-01-21-5;16712;0.95
2026-01-21T11:34:31Z;range_close;;;2026-01-21-5;16723;
2026-01-21T11:49:13Z;range_open;SELL;4860.0;2026-01-21-6;16725;0.95
2026-01-21T12:16:00Z;range_close;;;2026-01-21-6;16728;
2026-01-21T14:27:48Z;range_open;SELL;4860.0;2026-01-21-7;16730;0.95
2026-01-21T14:34:33Z;range_close;;;2026-01-21-7;16743;
2026-01-22T08:26:35Z;range_open;SELL;4831.0;2026-01-22-1;16765;0.95
2026-01-22T08:46:38Z;range_close;;;2026-01-22-1;16777;
2026-01-22T08:57:10Z;range_open;SELL;4831.0;2026-01-22-2;16779;0.95
2026-01-22T09:32:31Z;range_close;;;2026-01-22-2;16787;
2026-01-22T09:44:21Z;range_open;BUY;4815.0;2026-01-22-3;16791;0.95
2026-01-22T09:56:51Z;range_close;;;2026-01-22-3;16801;
2026-01-22T10:36:36Z;range_open;SELL;4828.0;2026-01-22-4;16803;0.95
2026-01-22T11:18:16Z;range_close;;;2026-01-22-4;16811;
2026-01-22T11:18:51Z;range_open;SELL;4828.0;2026-01-22-5;16813;0.95
2026-01-22T12:00:04Z;range_close;;;2026-01-22-5;16819;
2026-01-22T14:36:39Z;range_open;SELL;4839.0;2026-01-22-6;16822;0.95
2026-01-22T14:49:25Z;range_close;;;2026-01-22-6;16825;
2026-01-23T09:04:23Z;range_open;BUY;4917.0;2026-01-23-1;16831;0.95
2026-01-23T09:43:13Z;range_close;;;2026-01-23-1;16833;
2026-01-23T10:19:20Z;range_open;SELL;4925.0;2026-01-23-2;16836;0.95
2026-01-23T10:37:41Z;range_close;;;2026-01-23-2;16841;
2026-01-23T10:53:07Z;range_open;SELL;4929.0;2026-01-23-3;16844;0.95
2026-01-23T11:15:43Z;range_close;;;2026-01-23-3;16862;
2026-01-23T12:03:07Z;range_open;SELL;4930.0;2026-01-23-4;16864;0.95
2026-01-23T12:19:01Z;range_close;;;2026-01-23-4;16867;
2026-01-23T16:12:22Z;range_open;SELL;4973.0;2026-01-23-5;16869;0.95
2026-01-23T17:55:36Z;range_close;;;2026-01-23-5;16886;
2026-01-26T08:06:45Z;range_open;SELL;5092.0;2026-01-26-1;16894;0.95
2026-01-26T08:49:10Z;range_close;;;2026-01-26-1;16906;
2026-01-26T09:20:23Z;range_open;SELL;5094.0;2026-01-26-2;16908;0.95
2026-01-26T09:51:46Z;range_close;;;2026-01-26-2;16930;
2026-01-26T10:38:52Z;range_open;SELL;5093.0;2026-01-26-3;16934;0.95
2026-01-26T11:19:54Z;range_close;;;2026-01-26-3;16952;
2026-01-26T12:03:38Z;range_open;SELL;5092.0;2026-01-26-4;16954;0.95
2026-01-26T12:21:56Z;range_close;;;2026-01-26-4;16964;
2026-01-27T08:09:19Z;range_open;SELL;5081.0;2026-01-27-1;16969;0.95
2026-01-27T08:33:41Z;range_close;;;2026-01-27-1;16982;
2026-01-27T08:36:16Z;range_open;SELL;5082.0;2026-01-27-2;16985;0.95
2026-01-27T09:46:04Z;range_close;;;2026-01-27-2;17003;
2026-01-27T09:48:39Z;range_open;SELL;5088.0;2026-01-27-3;17005;0.95
2026-01-27T10:20:39Z;range_close;;;2026-01-27-3;17007;
2026-01-27T10:23:42Z;range_open;SELL;5091.0;2026-01-27-4;17010;0.95
2026-01-27T10:34:55Z;range_close;;;2026-01-27-4;17022;
2026-01-27T11:12:46Z;range_open;SELL;5088.0;2026-01-27-5;17028;0.95
2026-01-27T11:49:23Z;range_close;;;2026-01-27-5;17051;
2026-01-27T12:01:22Z;range_open;SELL;5079.0;2026-01-27-6;17053;0.95
2026-01-27T12:17:38Z;range_close;;;2026-01-27-6;17061;
2026-01-27T13:00:45Z;range_open;SELL;5088.0;2026-01-27-7;17064;0.95
2026-01-27T13:06:24Z;range_close;;;2026-01-27-7;17073;
2026-01-28T08:08:12Z;range_open;SELL;5296.0;2026-01-28-1;17099;0.95
2026-01-28T08:38:22Z;range_close;;;2026-01-28-1;17109;
2026-01-28T08:54:17Z;range_open;SELL;5293.0;2026-01-28-2;17111;0.95
2026-01-28T09:19:26Z;range_close;;;2026-01-28-2;17134;
2026-01-28T10:11:04Z;range_open;SELL;5283.0;2026-01-28-3;17136;0.95
2026-01-28T10:39:57Z;range_close;;;2026-01-28-3;17153;
2026-01-28T11:49:08Z;range_open;SELL;5265.0;2026-01-28-4;17155;0.95
2026-01-28T12:27:54Z;range_close;;;2026-01-28-4;17175;
2026-01-29T08:09:17Z;range_open;SELL;5531.0;2026-01-29-1;17180;0.95
2026-01-29T08:18:16Z;range_close;;;2026-01-29-1;17186;
2026-01-29T08:20:37Z;range_open;SELL;5537.0;2026-01-29-2;17190;0.95
2026-01-29T08:42:48Z;range_close;;;2026-01-29-2;17207;
2026-01-29T08:50:59Z;range_open;SELL;5510.0;2026-01-29-3;17211;0.95
2026-01-29T09:57:16Z;range_close;;;2026-01-29-3;17240;
2026-01-29T10:25:05Z;range_open;SELL;5515.0;2026-01-29-4;17243;0.95
2026-01-29T10:25:52Z;range_close;;;2026-01-29-4;17246;
2026-01-29T11:53:52Z;range_open;SELL;5525.0;2026-01-29-5;17261;0.95
2026-01-29T12:43:32Z;range_close;;;2026-01-29-5;17272;
2026-01-30T08:22:16Z;range_open;SELL;5168.0;2026-01-30-1;17291;0.95
2026-01-30T08:31:53Z;range_close;;;2026-01-30-1;17318;
2026-01-30T09:15:27Z;range_open;BUY;5038.0;2026-01-30-2;17321;0.95
2026-01-30T09:16:01Z;range_close;;;2026-01-30-2;17323;
2026-01-30T09:44:57Z;range_open;BUY;4980.0;2026-01-30-3;17325;0.95
2026-01-30T09:47:04Z;range_close;;;2026-01-30-3;17328;
2026-01-30T09:57:49Z;range_open;SELL;5017.0;2026-01-30-4;17332;0.95
2026-01-30T09:59:49Z;range_close;;;2026-01-30-4;17339;
2026-01-30T10:00:46Z;range_open;SELL;5033.0;2026-01-30-5;17341;0.95
2026-01-30T10:04:37Z;range_close;;;2026-01-30-5;17348;
2026-01-30T17:32:12Z;range_open;BUY;4900.0;2026-01-30-6;17355;0.90
2026-01-30T18:05:19Z;range_close;;;2026-01-30-6;17375;
2026-02-02T08:10:54Z;range_open;BUY;4627.0;2026-02-02-1;17413;0.90
2026-02-02T08:27:23Z;range_close;;;2026-02-02-1;17427;
2026-02-02T08:43:13Z;range_open;BUY;4645.0;2026-02-02-2;17429;0.90
2026-02-02T08:58:06Z;range_close;;;2026-02-02-2;17457;
2026-02-02T09:24:40Z;range_open;BUY;4650.0;2026-02-02-3;17459;0.90
2026-02-02T10:36:56Z;range_close;;;2026-02-02-3;17463;
2026-02-02T10:56:44Z;range_open;BUY;4703.0;2026-02-02-4;17466;0.90
2026-02-02T13:02:43Z;range_close;;;2026-02-02-4;17471;
2026-02-03T08:01:50Z;range_open;SELL;4914.0;2026-02-03-1;17481;0.95
2026-02-03T08:59:30Z;range_close;;;2026-02-03-1;17494;
2026-02-03T09:37:13Z;range_open;SELL;4909.0;2026-02-03-2;17496;0.95
2026-02-03T10:57:00Z;range_close;;;2026-02-03-2;17498;
2026-02-03T11:06:15Z;range_open;SELL;4912.0;2026-02-03-3;17500;0.95
2026-02-03T11:25:21Z;range_close;;;2026-02-03-3;17520;
2026-02-03T11:29:17Z;range_open;SELL;4904.0;2026-02-03-4;17522;0.95
2026-02-03T12:21:56Z;range_close;;;2026-02-03-4;17534;
2026-02-03T12:45:22Z;range_open;SELL;4915.0;2026-02-03-5;17536;0.95
2026-02-03T12:57:59Z;range_close;;;2026-02-03-5;17550;
2026-02-04T08:07:26Z;range_open;SELL;5077.0;2026-02-04-1;17555;0.95
2026-02-04T09:20:25Z;range_close;;;2026-02-04-1;17585;
2026-02-04T09:50:58Z;range_open;SELL;5060.0;2026-02-04-2;17588;0.95
2026-02-04T10:30:36Z;range_close;;;2026-02-04-2;17609;
2026-02-04T10:38:38Z;range_open;SELL;5053.0;2026-02-04-3;17611;0.95
2026-02-04T10:58:43Z;range_close;;;2026-02-04-3;17623;
2026-02-04T11:18:26Z;range_open;BUY;5015.0;2026-02-04-4;17626;0.95
2026-02-04T11:19:23Z;range_close;;;2026-02-04-4;17632;
2026-02-04T11:36:56Z;range_open;SELL;5038.0;2026-02-04-5;17640;0.95
2026-02-04T12:10:13Z;range_close;;;2026-02-04-5;17648;
2026-02-04T12:11:29Z;range_open;SELL;5044.0;2026-02-04-6;17650;0.95
2026-02-04T12:18:50Z;range_close;;;2026-02-04-6;17652;
2026-02-05T08:07:55Z;range_open;SELL;4918.0;2026-02-05-1;17656;0.95
2026-02-05T08:30:18Z;range_close;;;2026-02-05-1;17661;
2026-02-05T08:32:23Z;range_open;SELL;4926.0;2026-02-05-2;17663;0.95
2026-02-05T08:56:48Z;range_close;;;2026-02-05-2;17683;
2026-02-05T09:11:34Z;range_open;BUY;4867.0;2026-02-05-3;17686;0.95
2026-02-05T09:22:12Z;range_close;;;2026-02-05-3;17701;
2026-02-05T09:51:38Z;range_open;BUY;4868.0;2026-02-05-4;17705;0.95
2026-02-05T10:10:31Z;range_close;;;2026-02-05-4;17712;
2026-02-05T10:17:57Z;range_open;BUY;4865.0;2026-02-05-5;17715;0.95
2026-02-05T10:34:39Z;range_close;;;2026-02-05-5;17723;
2026-02-05T11:23:42Z;range_open;SELL;4893.0;2026-02-05-6;17726;0.95
2026-02-05T11:38:39Z;range_close;;;2026-02-05-6;17749;
2026-02-05T12:05:00Z;range_open;BUY;4863.0;2026-02-05-7;17752;0.95
2026-02-05T12:31:12Z;range_close;;;2026-02-05-7;17753;
2026-02-06T08:10:57Z;range_open;SELL;4849.0;2026-02-06-1;17758;0.95
2026-02-06T09:03:19Z;range_close;;;2026-02-06-1;17763;
2026-02-06T09:22:05Z;range_open;SELL;4854.0;2026-02-06-2;17766;0.95
2026-02-06T10:23:03Z;range_close;;;2026-02-06-2;17769;
2026-02-06T10:33:23Z;range_open;SELL;4865.0;2026-02-06-3;17772;0.95
2026-02-06T11:05:34Z;range_close;;;2026-02-06-3;17775;
2026-02-06T11:14:36Z;range_open;SELL;4883.0;2026-02-06-4;17777;0.95
2026-02-06T11:49:14Z;range_close;;;2026-02-06-4;17791;
2026-02-06T12:48:53Z;range_open;SELL;4901.0;2026-02-06-5;17793;0.95
2026-02-06T13:26:37Z;range_close;;;2026-02-06-5;17802;
2026-02-09T08:16:29Z;range_open;SELL;5024.0;2026-02-09-1;17819;0.95
2026-02-09T09:29:21Z;range_close;;;2026-02-09-1;17843;
2026-02-09T10:28:22Z;range_open;BUY;4989.0;2026-02-09-2;17847;0.95
2026-02-09T10:37:39Z;range_close;;;2026-02-09-2;17870;
2026-02-09T11:54:13Z;range_open;SELL;5014.0;2026-02-09-3;17873;0.95
2026-02-09T12:56:06Z;range_close;;;2026-02-09-3;17915;
